hike_id,variable,value
Texashike0,user988,5
Texashike0,user1328,5
Texashike0,user1144,5
Texashike0,user580,5
Texashike1,user580,5
Texashike0,user1392,5
Texashike0,user247,5
Texashike0,user1507,4
Texashike0,user178,5
Texashike0,user1283,5
Texashike0,user329,5
Texashike0,user831,5
Texashike0,user1281,5
Texashike0,user114,5
Texashike0,user881,5
Texashike1,user881,5
Texashike0,user852,5
Texashike0,user462,5
Texashike0,user929,5
Texashike0,user656,5
Texashike0,user1206,5
Texashike1,user1206,5
Texashike0,user631,4
Texashike0,user1012,5
Texashike0,user991,5
Texashike0,user746,4
Texashike1,user746,5
Texashike0,user1032,5
Texashike0,user664,5
Texashike0,user841,4
Texashike0,user922,4
Texashike0,user1369,5
Texashike0,user127,5
Texashike0,user1565,5
Texashike0,user1356,5
Texashike1,user1356,5
Texashike0,user1052,5
Texashike0,user201,5
Texashike0,user1544,5
Texashike0,user970,5
Texashike0,user810,5
Texashike0,user499,5
Texashike1,user499,5
Texashike0,user445,5
Texashike0,user1462,5
Texashike0,user1166,5
Texashike1,user1166,5
Texashike0,user1334,5
Texashike0,user516,5
Texashike0,user133,5
Texashike0,user619,5
Texashike0,user527,5
Texashike0,user918,5
Texashike0,user792,5
Texashike0,user964,5
Texashike0,user612,5
Texashike1,user612,5
Texashike0,user1402,5
Texashike0,user206,5
Texashike0,user1374,5
Texashike0,user1249,5
Texashike0,user1225,4
Texashike0,user269,5
Texashike0,user481,5
Texashike0,user785,4
Texashike0,user1160,5
Texashike0,user630,5
Texashike0,user486,5
Texashike0,user1066,5
Texashike0,user1145,5
Texashike0,user524,5
Texashike0,user125,5
Texashike0,user662,5
Texashike0,user581,5
Texashike0,user703,5
Texashike1,user703,5
Texashike0,user10,5
Texashike0,user1579,5
Texashike0,user924,5
Texashike0,user493,5
Texashike1,user493,5
Texashike0,user732,5
Texashike0,user472,5
Texashike0,user1330,5
Texashike0,user617,5
Texashike0,user1267,5
Texashike0,user150,5
Texashike0,user1458,5
Texashike1,user1458,5
Texashike0,user1459,5
Texashike0,user443,5
Texashike0,user262,5
Texashike0,user1191,5
Texashike0,user1170,5
Texashike1,user1170,5
Texashike0,user1525,5
Texashike0,user997,5
Texashike0,user77,5
Texashike0,user935,5
Texashike0,user334,4
Texashike0,user1147,5
Texashike0,user425,5
Texashike0,user818,5
Texashike0,user1411,4
Texashike0,user20,4
Texashike0,user2,5
Texashike0,user1364,5
Texashike0,user507,4
Texashike0,user69,5
Texashike0,user1045,5
Texashike0,user1002,5
Texashike0,user809,5
Texashike0,user494,5
Texashike0,user579,5
Texashike0,user1193,5
Texashike1,user1193,4
Texashike0,user943,5
Texashike0,user812,5
Texashike0,user1550,5
Texashike0,user18,5
Texashike0,user140,5
Texashike0,user1591,5
Texashike0,user1535,2
Texashike0,user520,5
Texashike0,user923,5
Texashike0,user801,5
Texashike0,user679,5
Texashike0,user165,5
Texashike0,user675,5
Texashike0,user118,5
Texashike0,user343,5
Texashike0,user1322,5
Texashike0,user8,5
Texashike0,user190,5
Texashike0,user1088,5
Texashike0,user1238,5
Texashike0,user255,5
Texashike1,user255,5
Texashike0,user342,5
Texashike0,user1397,5
Texashike0,user934,5
Texashike0,user248,5
Texashike0,user1081,5
Texashike0,user1186,5
Texashike0,user280,4
Texashike0,user608,4
Texashike0,user1383,5
Texashike0,user979,5
Texashike0,user734,4
Texashike0,user420,5
Texashike0,user429,4
Texashike0,user681,5
Texashike0,user1446,5
Texashike0,user1215,5
Texashike0,user1284,5
Texashike0,user1118,5
Texashike0,user688,5
Texashike0,user1055,5
Texashike0,user1339,5
Texashike1,user1339,5
Texashike0,user46,4
Texashike0,user825,5
Texashike0,user509,5
Texashike0,user1487,5
Texashike0,user377,4
Texashike0,user1475,5
Texashike0,user740,5
Texashike0,user433,5
Texashike0,user1418,5
Texashike0,user1293,5
Texashike0,user292,5
Texashike0,user898,5
Texashike0,user842,4
Texashike1,user842,3
Texashike0,user407,5
Texashike0,user876,4
Texashike0,user966,5
Texashike0,user1415,5
Texashike0,user910,5
Texashike0,user208,4
Texashike0,user729,5
Texashike0,user1533,5
Texashike0,user1194,5
Texashike0,user685,5
Texashike0,user177,5
Texashike0,user1468,5
Texashike0,user782,5
Texashike0,user816,5
Texashike0,user878,4
Texashike0,user1521,5
Texashike0,user1039,3
Texashike0,user480,5
Texashike0,user601,5
Texashike0,user379,5
Texashike0,user665,5
Texashike0,user1555,5
Texashike0,user915,5
Texashike0,user406,5
Texashike0,user1307,5
Texashike0,user544,5
Texashike0,user1106,5
Texashike0,user1133,5
Texashike0,user808,5
Texashike0,user1143,5
Texashike0,user797,5
Texashike0,user111,5
Texashike0,user780,5
Texashike0,user1004,5
Texashike0,user223,4
Texashike0,user1557,5
Texashike0,user578,5
Texashike0,user469,5
Texashike0,user328,5
Texashike0,user170,5
Texashike0,user52,5
Texashike0,user958,5
Texashike0,user866,1
Texashike0,user539,5
Texashike0,user781,5
Texashike1,user781,5
Texashike0,user594,5
Texashike0,user1027,5
Texashike0,user1279,4
Texashike1,user1279,5
Texashike0,user242,4
Texashike0,user719,4
Texashike0,user11,5
Texashike0,user405,5
Texashike0,user1380,5
Texashike0,user1400,5
Texashike0,user143,5
Texashike0,user1355,5
Texashike0,user154,5
Texashike1,user154,5
Texashike0,user238,5
Texashike0,user1026,4
Texashike0,user1301,5
Texashike0,user151,5
Texashike0,user1445,5
Texashike0,user845,5
Texashike0,user367,5
Texashike1,user367,5
Texashike0,user323,5
Texashike0,user1316,5
Texashike0,user733,5
Texashike0,user1551,4
Texashike0,user839,4
Texashike0,user447,5
Texashike1,user447,5
Texashike0,user838,5
Texashike0,user1388,5
Texashike0,user1006,5
Texashike0,user1018,4
Texashike0,user1105,5
Texashike1,user1105,5
Texashike0,user514,5
Texashike0,user1314,5
Texashike0,user25,4
Texashike0,user980,5
Texashike0,user124,5
Texashike0,user883,5
Texashike0,user1425,4
Texashike0,user298,5
Texashike1,user298,5
Texashike0,user1051,5
Texashike0,user783,5
Texashike0,user960,5
Texashike0,user438,4
Texashike0,user786,5
Texashike0,user1165,4
Texashike0,user9,5
Texashike0,user1138,5
Texashike1,user1138,5
Texashike0,user817,5
Texashike0,user761,5
Texashike0,user1268,5
Texashike0,user1417,5
Texashike0,user1062,5
Texashike0,user375,5
Texashike0,user370,5
Texashike0,user1309,5
Texashike0,user1536,5
Texashike0,user1351,5
Texashike0,user976,5
Texashike1,user976,5
Texashike0,user56,5
Texashike0,user1132,5
Texashike0,user229,4
Texashike0,user130,5
Texashike0,user1531,5
Texashike0,user270,5
Texashike0,user321,5
Texashike0,user264,5
Texashike0,user683,5
Texashike0,user1515,5
Texashike0,user567,5
Texashike0,user84,4
Texashike0,user1489,5
Texashike0,user404,5
Texashike0,user1532,5
Texashike0,user652,5
Texashike0,user258,5
Texashike0,user1500,4
Texashike0,user42,5
Texashike0,user857,5
Texashike0,user875,5
Texashike0,user571,4
Texashike0,user335,5
Texashike0,user1076,4
Texashike0,user653,5
Texashike0,user854,4
Texashike0,user1437,5
Texashike0,user1131,5
Texashike1,user1131,5
Texashike0,user115,5
Texashike0,user423,5
Texashike0,user169,5
Texashike1,user169,5
Texashike0,user1559,5
Texashike0,user709,5
Texashike0,user860,5
Texashike0,user1414,5
Texashike0,user414,4
Texashike1,user414,5
Texashike0,user1112,5
Texashike0,user121,5
Texashike0,user588,5
Texashike1,user588,5
Texashike0,user858,5
Texashike0,user1226,5
Texashike0,user1107,5
Texashike0,user699,5
Texashike0,user1242,5
Texashike0,user1072,5
Texashike0,user449,5
Texashike0,user1211,4
Texashike0,user1406,5
Texashike0,user553,5
Texashike0,user525,5
Texashike0,user1306,5
Texashike1,user1306,5
Texashike0,user1098,5
Texashike0,user92,5
Texashike0,user106,5
Texashike0,user1524,5
Texashike0,user387,5
Texashike0,user643,5
Texashike0,user1110,5
Texashike1,user1110,5
Texashike0,user629,4
Texashike0,user1272,5
Texashike0,user700,4
Texashike0,user1537,5
Texashike0,user806,5
Texashike0,user155,5
Texashike1,user155,5
Texashike0,user1152,5
Texashike0,user1452,5
Texashike1,user1452,5
Texashike0,user1566,5
Texashike0,user1404,5
Texashike0,user1561,5
Texashike0,user1421,4
Texashike0,user1502,5
Texashike0,user444,5
Texashike0,user884,5
Texashike0,user999,5
Texashike0,user1230,5
Texashike0,user1031,4
Texashike0,user422,5
Texashike0,user763,5
Texashike0,user789,5
Texashike0,user1464,5
Texashike0,user47,5
Texashike0,user836,5
Texashike0,user319,5
Texashike0,user944,5
Texashike0,user735,4
Texashike0,user331,5
Texashike0,user1511,5
Texashike0,user648,5
Texashike0,user17,5
Texashike0,user97,5
Texashike0,user1506,5
Texashike0,user489,5
Texashike0,user48,5
Texashike0,user1237,5
Texashike0,user1167,5
Texashike1,user1167,5
Texashike0,user1241,5
Texashike0,user523,4
Texashike0,user1099,5
Texashike0,user109,4
Texashike0,user822,5
Texashike0,user672,5
Texashike0,user609,5
Texashike0,user1447,4
Texashike0,user1366,3
Texashike0,user1104,5
Texashike0,user892,5
Texashike0,user1175,5
Texashike0,user903,4
Texashike0,user1111,4
Texashike0,user137,5
Texashike0,user482,5
Texashike0,user1130,5
Texashike0,user1134,5
Texashike0,user219,4
Texashike0,user1300,4
Texashike0,user776,5
Texashike0,user1067,5
Texashike0,user1071,5
Texashike0,user1008,4
Texashike0,user1246,4
Texashike0,user807,5
Texashike0,user645,5
Texashike0,user276,5
Texashike0,user5,5
Texashike0,user1382,4
Texashike0,user1439,5
Texashike0,user350,5
Texashike0,user823,5
Texashike0,user1015,5
Texashike0,user188,5
Texashike0,user104,5
Texashike1,user104,5
Texashike0,user1419,5
Texashike0,user714,5
Texashike0,user967,5
Texashike0,user627,5
Texashike0,user510,4
Texashike0,user41,5
Texashike0,user139,5
Texashike0,user396,5
Texashike0,user44,5
Texashike0,user1568,4
Texashike0,user1220,4
Texashike0,user378,5
Texashike0,user65,5
Texashike0,user1399,5
Texashike0,user1273,4
Texashike0,user771,5
Texashike0,user895,5
Texashike0,user1581,5
Texashike0,user749,5
Texashike0,user849,5
Texashike0,user1101,5
Texashike0,user1013,5
Texashike0,user1161,5
Texashike0,user296,5
Texashike0,user747,5
Texashike0,user933,5
Texashike0,user951,5
Texashike0,user513,5
Texashike1,user513,5
Texashike0,user49,4
Texashike0,user60,5
Texashike0,user628,5
Texashike0,user622,4
Texashike0,user82,5
Texashike0,user796,5
Texashike0,user87,4
Texashike0,user1173,4
Texashike1,user1173,5
Texashike0,user1471,5
Texashike0,user1082,5
Texashike0,user1158,5
Texashike0,user666,5
Texashike0,user904,5
Texashike0,user1348,5
Texashike0,user998,5
Texashike0,user436,5
Texashike0,user722,4
Texashike0,user865,4
Texashike0,user1476,5
Texashike0,user634,5
Texashike0,user1410,5
Texashike0,user1179,4
Texashike0,user1548,4
Texashike0,user708,4
Texashike0,user517,5
Texashike0,user1266,5
Texashike0,user1496,4
Texashike0,user1054,4
Texashike0,user1510,5
Texashike0,user704,5
Texashike0,user452,5
Texashike0,user1491,5
Texashike0,user498,5
Texashike0,user376,4
Texashike0,user811,4
Texashike0,user439,4
Texashike0,user586,4
Texashike0,user668,4
Texashike0,user1498,5
Texashike0,user186,5
Texashike0,user971,4
Texashike0,user346,5
Texashike0,user706,4
Texashike0,user698,5
Texashike0,user1258,5
Texashike0,user1481,4
Texashike0,user540,5
Texashike0,user751,5
Texashike0,user828,5
Texashike0,user348,4
Texashike0,user1416,5
Texashike0,user549,5
Texashike0,user741,5
Texashike0,user1353,5
Texashike0,user466,4
Texashike1,user466,3
Texashike0,user996,5
Texashike0,user1520,5
Texashike0,user369,4
Texashike0,user602,5
Texashike0,user224,4
Texashike0,user893,5
Texashike0,user105,4
Texashike0,user171,5
Texashike1,user171,5
Texashike0,user1448,4
Texashike0,user731,5
Texashike0,user81,5
Texashike0,user1549,5
Texashike0,user179,5
Texashike0,user1137,4
Texashike0,user1162,4
Texashike0,user1324,5
Texashike0,user91,5
Texashike0,user416,5
Texashike0,user110,5
Texashike0,user440,5
Texashike0,user181,5
Texashike0,user1124,5
Texashike1,user1124,4
Texashike0,user1523,5
Texashike1,user1523,5
Texashike0,user885,4
Texashike1,user885,4
Texashike0,user768,5
Texashike1,user768,5
Texashike0,user1528,5
Texashike1,user1528,5
Texashike0,user244,4
Texashike0,user948,5
Texashike1,user948,5
Texashike0,user1094,5
Texashike0,user1378,5
Texashike1,user1378,5
Texashike0,user23,4
Texashike0,user558,3
Texashike0,user1373,5
Texashike0,user1216,5
Texashike0,user946,5
Texashike0,user596,5
Texashike1,user596,5
Texashike0,user1243,5
Texashike0,user1290,5
Texashike0,user669,4
Texashike0,user1480,4
Texashike0,user1401,5
Texashike0,user1248,5
Texashike0,user987,5
Texashike0,user324,5
Texashike0,user1335,5
Texashike0,user737,5
Texashike0,user1,5
Texashike0,user1100,5
Texashike0,user1308,5
Texashike0,user667,5
Texashike0,user191,5
Texashike0,user252,5
Texashike0,user347,5
Texashike0,user421,5
Texashike0,user116,5
Texashike0,user949,5
Texashike0,user282,5
Texashike0,user413,5
Texashike0,user358,5
Texashike0,user1265,5
Texashike1,user1265,5
Texashike0,user268,5
Texashike0,user506,5
Texashike0,user373,4
Texashike0,user774,5
Texashike0,user1069,5
Texashike1,user1069,5
Texashike0,user1315,5
Texashike0,user564,5
Texashike0,user205,5
Texashike0,user1021,5
Texashike0,user1517,5
Texashike0,user128,5
Texashike0,user260,5
Texashike0,user1146,5
Texashike0,user1181,5
Texashike0,user536,5
Texashike0,user234,5
Texashike0,user1296,5
Texashike0,user972,5
Texashike0,user837,5
Texashike0,user483,5
Texashike0,user701,5
Texashike0,user582,5
Texashike0,user1438,5
Texashike0,user552,5
Texashike0,user1255,5
Texashike1,user1255,5
Texashike0,user136,5
Texashike0,user830,5
Texashike0,user867,5
Texashike0,user1465,5
Texashike1,user1465,5
Texashike0,user775,5
Texashike0,user661,5
Texashike0,user62,5
Texashike0,user1214,5
Texashike0,user1203,5
Texashike0,user819,5
Texashike0,user1028,5
Texashike0,user138,5
Texashike0,user730,5
Texashike0,user872,5
Texashike0,user711,5
Texashike0,user511,5
Texashike0,user1337,5
Texashike0,user418,5
Texashike0,user173,5
Texashike0,user1564,5
Texashike1,user1564,5
Texashike0,user777,5
Texashike0,user986,5
Texashike0,user465,5
Texashike0,user1210,5
Texashike1,user1210,5
Texashike0,user290,5
Texashike0,user364,4
Texashike0,user694,4
Texashike0,user650,5
Texashike0,user1043,4
Texashike0,user187,5
Texashike0,user1413,4
Texashike0,user317,5
Texashike1,user317,5
Texashike0,user502,5
Texashike0,user67,5
Texashike1,user67,5
Texashike0,user203,5
Texashike0,user381,5
Texashike0,user637,4
Texashike0,user566,5
Texashike0,user251,5
Texashike0,user496,5
Texashike0,user1362,5
Texashike0,user787,5
Texashike0,user141,5
Texashike1,user141,5
Texashike0,user7,5
Texashike0,user259,5
Texashike0,user676,5
Texashike1,user676,5
Texashike0,user1164,5
Texashike0,user1079,5
Texashike0,user1599,5
Texashike0,user144,5
Texashike0,user196,5
Texashike0,user159,5
Texashike0,user344,5
Texashike0,user202,5
Texashike0,user1429,5
Texashike0,user1477,5
Texashike0,user89,5
Texashike0,user1153,5
Texashike0,user1041,5
Texashike0,user354,5
Texashike0,user1053,5
Texashike0,user1486,5
Texashike0,user478,5
Texashike0,user1332,5
Texashike1,user1332,5
Texashike0,user31,5
Texashike0,user1444,5
Texashike0,user1168,5
Texashike0,user519,4
Texashike0,user531,5
Texashike0,user832,5
Texashike1,user832,5
Texashike0,user897,5
Texashike0,user281,5
Texashike0,user1412,5
Texashike0,user560,5
Texashike0,user314,5
Texashike1,user314,5
Texashike0,user850,5
Texashike0,user1431,5
Texashike0,user1547,5
Texashike0,user1497,5
Texashike0,user50,5
Texashike0,user1239,5
Texashike1,user1239,5
Texashike0,user1593,5
Texashike0,user456,5
Texashike0,user225,4
Texashike0,user1256,5
Texashike0,user1329,5
Texashike1,user1329,5
Texashike0,user318,4
Texashike0,user1541,4
Texashike0,user1259,5
Texashike0,user950,4
Texashike0,user1435,4
Texashike0,user671,4
Texashike0,user947,5
Texashike0,user409,5
Texashike0,user1236,5
Texashike0,user211,5
Texashike0,user1075,5
Texashike0,user1597,5
Texashike0,user1270,5
Texashike0,user1596,5
Texashike1,user1596,5
Texashike0,user515,5
Texashike0,user132,5
Texashike1,user132,4
Texashike0,user805,5
Texashike0,user1086,5
Texashike0,user1387,5
Texashike0,user1554,5
Texashike0,user1390,5
Texashike0,user636,5
Texashike0,user305,5
Texashike1,user305,5
Texashike0,user695,4
Texashike0,user297,5
Texashike0,user325,5
Texashike0,user1442,5
Texashike0,user995,4
Texashike0,user1586,5
Texashike0,user569,5
Texashike0,user1278,5
Texashike1,user1278,5
Texashike0,user70,5
Texashike0,user1505,5
Texashike0,user424,4
Texashike0,user743,5
Texashike0,user1582,5
Texashike0,user301,5
Texashike0,user337,5
Texashike0,user385,4
Texashike0,user532,5
Texashike0,user1545,4
Texashike0,user911,5
Texashike0,user599,5
Texashike0,user293,5
Texashike0,user1005,5
Texashike0,user245,3
Texashike0,user1376,5
Texashike0,user197,5
Texashike0,user1136,5
Texashike0,user660,4
Texashike0,user906,5
Texashike0,user533,5
Texashike0,user1576,5
Texashike0,user1318,5
Texashike0,user954,5
Texashike0,user1103,3
Texashike0,user691,5
Texashike0,user618,4
Texashike0,user521,5
Texashike0,user752,5
Texashike0,user1338,5
Texashike0,user45,5
Texashike0,user1583,5
Texashike0,user1235,5
Texashike0,user411,4
Texashike1,user411,4
Texashike0,user500,5
Texashike0,user925,5
Texashike0,user316,5
Texashike0,user468,5
Texashike0,user1542,5
Texashike0,user88,5
Texashike0,user388,5
Texashike0,user548,5
Texashike0,user1209,5
Texashike0,user76,5
Texashike0,user1264,5
Texashike0,user1003,5
Texashike0,user689,4
Texashike0,user93,5
Texashike0,user1516,5
Texashike0,user756,3
Texashike0,user900,4
Texashike1,user900,4
Texashike0,user728,5
Texashike0,user1058,5
Texashike0,user217,4
Texashike0,user1512,5
Texashike0,user1575,1
Texashike0,user814,5
Texashike1,user814,5
Texashike0,user546,5
Texashike0,user395,5
Texashike0,user479,5
Texashike0,user1349,5
Texashike0,user4,5
Texashike0,user1263,4
Texashike0,user1280,5
Texashike0,user508,5
Texashike0,user397,5
Texashike0,user632,5
Texashike0,user815,4
Texashike0,user391,5
Texashike1,user391,5
Texashike0,user311,4
Texashike0,user871,5
Texashike1,user871,5
Texashike0,user333,5
Texashike0,user35,5
Texashike1,user35,5
Texashike0,user1336,5
Texashike0,user1342,5
Texashike0,user1365,5
Texashike0,user1087,5
Texashike0,user1208,4
Texashike0,user1485,5
Texashike0,user766,5
Texashike0,user989,5
Texashike0,user889,5
Texashike1,user889,5
Texashike0,user408,3
Texashike0,user142,5
Texashike1,user142,5
Texashike0,user475,5
Texashike0,user107,5
Texashike0,user633,4
Texashike0,user1274,5
Texashike0,user1553,5
Texashike0,user1441,4
Texashike0,user931,5
Texashike0,user1148,5
Texashike0,user29,4
Texashike0,user231,5
Texashike0,user351,5
Texashike0,user1479,5
Texashike0,user1287,5
Texashike0,user754,5
Texashike1,user754,5
Texashike0,user307,5
Texashike0,user1221,3
Texashike0,user604,5
Texashike0,user145,5
Texashike0,user220,5
Texashike0,user1141,5
Texashike0,user463,5
Texashike0,user382,5
Texashike0,user765,5
Texashike0,user146,5
Texashike0,user1470,5
Texashike0,user291,5
Texashike0,user3,4
Texashike0,user1518,4
Texashike0,user742,4
Texashike0,user907,5
Texashike0,user720,5
Texashike0,user862,5
Texashike0,user642,4
Texashike0,user1375,5
Texashike0,user1503,5
Texashike0,user534,4
Texashike0,user83,5
Texashike0,user303,4
Texashike0,user646,5
Texashike0,user611,4
Texashike0,user827,5
Texashike0,user655,5
Texashike0,user1122,5
Texashike0,user1297,5
Texashike0,user824,5
Texashike0,user512,5
Texashike0,user1204,5
Texashike0,user289,5
Texashike0,user804,5
Texashike0,user1379,5
Texashike0,user448,5
Texashike0,user575,5
Texashike1,user575,5
Texashike0,user965,5
Texashike0,user98,5
Texashike1,user98,5
Texashike0,user34,5
Texashike0,user1357,5
Texashike0,user686,4
Texashike0,user1352,5
Texashike0,user501,4
Texashike0,user1320,5
Texashike0,user840,5
Texashike0,user576,5
Texashike0,user697,5
Texashike1,user697,5
Texashike0,user61,5
Texashike0,user890,5
Texashike0,user1050,4
Texashike0,user1453,5
Texashike0,user955,5
Texashike0,user909,4
Texashike0,user555,4
Texashike0,user1121,5
Texashike1,user1121,5
Texashike0,user595,5
Texashike0,user1347,4
Texashike0,user863,5
Texashike0,user330,5
Texashike0,user1196,5
Texashike0,user100,5
Texashike0,user428,4
Texashike0,user1163,5
Texashike0,user705,5
Texashike0,user1529,5
Texashike0,user626,5
Texashike0,user476,5
Texashike0,user961,5
Texashike0,user1577,5
Texashike0,user1046,5
Texashike0,user359,5
Texashike0,user1276,5
Texashike0,user1420,5
Texashike0,user1449,5
Texashike0,user859,3
Texashike0,user1042,5
Texashike0,user1354,5
Texashike0,user393,5
Texashike0,user1341,5
Texashike1,user1341,5
Texashike0,user1381,5
Texashike0,user215,5
Texashike0,user112,4
Texashike0,user891,5
Texashike0,user526,5
Texashike0,user678,3
Texashike0,user174,5
Texashike0,user606,4
Texashike0,user226,5
Texashike0,user68,5
Texashike0,user1509,5
Texashike0,user278,5
Texashike0,user1312,5
Texashike0,user983,5
Texashike0,user1040,5
Texashike0,user1450,5
Texashike0,user589,4
Texashike0,user757,5
Texashike0,user1035,4
Texashike1,user1035,5
Texashike0,user1064,5
Texashike0,user1126,5
Texashike0,user616,4
Texashike0,user1000,4
Texashike0,user1371,5
Texashike0,user974,5
Texashike0,user284,5
Texashike0,user1409,5
Texashike0,user1010,4
Texashike0,user1292,5
Texashike0,user1580,5
Texashike0,user981,4
Texashike0,user1317,5
Texashike0,user80,5
Texashike0,user1269,5
Texashike0,user360,5
Texashike0,user454,5
Texashike1,user454,5
Texashike0,user877,5
Texashike0,user272,5
Texashike0,user283,5
Texashike0,user879,5
Texashike0,user1183,5
Texashike1,user1183,4
Texashike0,user1455,5
Texashike0,user778,5
Texashike0,user1277,5
Texashike0,user1457,5
Texashike0,user1117,4
Texashike0,user1327,5
Texashike0,user577,5
Texashike0,user236,5
Texashike1,user236,4
Texashike0,user1573,5
Texashike0,user562,5
Texashike1,user562,5
Texashike0,user969,5
Texashike0,user27,5
Texashike0,user762,5
Texashike0,user1495,5
Texashike0,user355,5
Texashike0,user1169,5
Texashike1,user1169,4
Texashike0,user1430,5
Texashike0,user221,5
Texashike0,user1108,4
Texashike0,user1271,4
Texashike0,user446,5
Texashike0,user856,5
Texashike0,user1116,5
Texashike0,user917,5
Texashike0,user1184,4
Texashike0,user204,5
Texashike0,user1113,5
Texashike0,user1190,5
Texashike0,user302,5
Texashike0,user1044,5
Texashike0,user1182,4
Texashike0,user680,5
Texashike0,user1139,5
Texashike1,user1139,5
Texashike0,user129,4
Texashike0,user246,4
Texashike0,user962,5
Texashike0,user1083,5
Texashike0,user1592,5
Texashike0,user784,5
Texashike0,user1252,5
Texashike0,user585,5
Texashike0,user263,4
Texashike0,user1091,5
Texashike0,user374,5
Texashike0,user1089,5
Texashike0,user63,4
Texashike0,user1019,4
Texashike0,user1571,5
Texashike0,user1128,5
Texashike0,user736,4
Texashike0,user308,4
Texashike0,user846,4
Texashike0,user738,5
Texashike0,user1538,5
Texashike0,user30,4
Texashike0,user12,5
Texashike0,user1011,5
Texashike0,user392,5
Texashike0,user491,5
Texashike0,user641,5
Texashike1,user641,4
Texashike0,user1033,5
Texashike0,user1346,5
Texashike0,user1569,5
Texashike0,user285,5
Texashike0,user1588,5
Texashike0,user870,5
Texashike0,user603,5
Texashike0,user131,4
Texashike0,user1149,4
Texashike0,user457,5
Texashike0,user313,3
Texashike0,user1299,5
Texashike0,user759,5
Texashike0,user57,5
Texashike0,user684,5
Texashike0,user459,5
Texashike0,user1070,4
Texashike0,user1385,5
Texashike0,user1049,4
Texashike0,user54,4
Texashike0,user1001,5
Texashike0,user1345,5
Texashike0,user647,5
Texashike0,user779,5
Texashike0,user1227,4
Texashike0,user1578,5
Texashike0,user228,5
Texashike0,user584,5
Texashike0,user687,5
Texashike0,user338,5
Texashike0,user861,5
Texashike0,user1212,5
Texashike0,user209,4
Texashike0,user279,5
Texashike0,user39,5
Texashike0,user820,4
Texashike0,user492,5
Texashike0,user135,5
Texashike0,user1119,5
Texashike1,user1119,5
Texashike0,user239,5
Texashike1,user239,4
Texashike0,user53,5
Texashike0,user450,5
Texashike0,user426,5
Texashike0,user625,5
Texashike0,user22,4
Texashike0,user550,5
Texashike1,user550,5
Texashike0,user1078,5
Texashike0,user241,5
Texashike0,user1443,5
Texashike1,user1109,5
Texashike1,user1250,5
Texashike1,user670,5
Texashike1,user1234,5
Texashike1,user770,5
Texashike1,user1262,5
Texashike1,user383,4
Texashike1,user1244,5
Texashike1,user158,5
Texashike1,user1303,4
Texashike1,user1433,5
Texashike1,user1036,5
Texashike1,user1360,5
Texashike1,user1428,5
Texashike1,user1074,5
Texashike1,user1405,5
Texashike1,user1310,5
Texashike1,user1492,5
Texashike1,user620,5
Texashike1,user157,5
Texashike1,user538,5
Texashike1,user1176,5
Texashike1,user295,5
Texashike1,user899,5
Texashike1,user300,5
Texashike1,user1286,5
Texashike1,user1473,5
Texashike1,user826,5
Texashike1,user1484,5
Texashike1,user74,5
Texashike1,user663,5
Texashike1,user1563,5
Texashike1,user51,5
Texashike1,user250,4
Texashike1,user113,5
Texashike1,user1142,5
Texashike1,user73,5
Texashike1,user1504,5
Texashike1,user1519,5
Texashike1,user834,5
Texashike1,user894,5
Texashike1,user1398,5
Texashike1,user40,5
Texashike1,user299,5
Texashike1,user267,5
Texashike1,user1251,5
Texashike1,user160,2
Texashike1,user848,5
Texashike1,user727,5
Texashike1,user1285,5
Texashike1,user590,5
Texashike1,user119,5
Texashike1,user1595,5
Texashike1,user982,5
Texashike1,user975,5
Texashike1,user696,5
Texashike1,user271,5
Texashike1,user945,5
Texashike1,user99,5
Texashike1,user591,5
Texashike1,user717,4
Texashike1,user1180,5
Texashike1,user1213,5
Texashike1,user1020,5
Texashike1,user309,5
Texashike1,user497,5
Texashike1,user1123,5
Texashike1,user36,5
Texashike1,user1217,5
Texashike1,user332,5
Texashike1,user288,5
Texashike1,user1231,5
Texashike1,user59,5
Texashike1,user274,5
Texashike1,user873,5
Texashike1,user1377,5
Texashike1,user1288,3
Texashike1,user495,5
Texashike1,user901,5
Texashike1,user461,5
Texashike1,user265,4
Texashike1,user853,5
Texashike1,user277,4
Texashike1,user164,4
Texashike1,user938,5
Texashike1,user551,5
Texashike1,user167,5
Texashike1,user638,5
Texashike1,user572,5
Texashike1,user744,5
Texashike1,user790,5
Texashike1,user372,5
Texashike1,user120,5
Texashike1,user1546,4
Texashike1,user1295,5
Texashike1,user723,5
Texashike1,user233,4
Texashike1,user37,5
Texashike1,user702,5
Texashike1,user95,5
Texashike1,user1129,5
Texashike1,user952,5
Texashike1,user398,5
Texashike1,user1151,5
Texashike1,user755,4
Texashike1,user504,5
Texashike1,user365,5
Texashike1,user1427,5
Texashike1,user1047,5
Texashike1,user75,5
Texashike1,user887,4
Texashike1,user1056,5
Texashike1,user956,5
Texashike1,user230,5
Texashike1,user767,5
Texashike1,user1085,5
Texashike1,user640,5
Texashike1,user882,5
Texashike1,user1340,5
Texashike1,user1472,5
Texashike1,user1493,5
Texashike1,user473,5
Texashike1,user441,5
Texashike1,user1594,5
Texashike1,user356,5
Texashike1,user147,5
Texashike1,user1331,4
Texashike1,user126,5
Texashike1,user1326,5
Texashike1,user470,5
Texashike1,user1466,5
Texashike1,user1127,5
Texashike1,user222,4
Texashike1,user916,5
Texashike1,user380,5
Texashike1,user1456,5
Texashike1,user1084,5
Texashike1,user821,5
Texashike1,user1585,5
Texashike1,user1090,5
Texashike1,user78,5
Texashike1,user366,5
Texashike1,user471,5
Texashike1,user597,5
Texashike1,user1423,5
Texashike1,user1115,5
Texashike1,user390,5
Texashike1,user64,5
Texashike1,user912,5
Texashike1,user1408,5
Texashike1,user176,5
Texashike1,user28,4
Texashike1,user474,5
Texashike1,user1189,5
Texashike1,user1574,5
Texashike1,user1192,5
Texashike1,user673,5
Texashike1,user1363,5
Texashike1,user748,4
Texashike1,user868,5
Texashike1,user1097,5
Texashike1,user1572,5
Texashike1,user363,5
Texashike1,user1195,5
Texashike1,user322,5
Texashike1,user886,5
Texashike1,user600,5
Texashike1,user198,5
Texashike1,user33,5
Texashike1,user66,4
Texashike1,user162,5
Texashike1,user394,5
Texashike1,user554,4
Texashike1,user1171,4
Texashike1,user430,5
Texashike1,user769,5
Texashike1,user123,5
Texashike1,user286,5
Texashike1,user371,4
Texashike1,user583,4
Texashike1,user607,4
Texashike1,user254,5
Texashike1,user1494,5
Texashike1,user1007,4
Texashike1,user412,5
Texashike1,user102,5
Texashike1,user570,5
Texashike1,user908,4
Texashike1,user315,5
Texashike1,user937,5
Texashike1,user1567,4
Texashike1,user1125,5
Texashike1,user888,5
Texashike1,user1114,5
Texashike1,user1037,5
Texashike1,user547,5
Texashike1,user959,4
Texashike1,user927,5
Texashike1,user1224,5
Texashike1,user905,5
Texashike1,user1584,5
Texashike1,user85,5
Texashike1,user1488,5
Texashike1,user161,5
Texashike1,user788,5
Texashike1,user864,4
Texashike1,user1233,4
Texashike1,user939,4
Texashike1,user1311,5
Texashike1,user1499,5
Texashike1,user1556,5
Texashike1,user1155,5
Texashike1,user1490,5
Texashike1,user724,5
Texashike1,user1436,5
Texashike1,user1343,5
Texashike1,user1395,5
Texashike1,user621,5
Texashike1,user598,4
Texashike1,user994,5
Texashike1,user968,5
Texashike1,user1218,5
Texashike1,user707,4
Texashike1,user624,5
Texashike1,user399,5
Texashike1,user326,5
Texashike1,user216,2
Texashike1,user194,4
Texashike1,user306,5
Texashike1,user1159,5
Texashike1,user1022,5
Texashike1,user795,5
Texashike1,user261,5
Texashike1,user195,5
Texashike1,user1522,3
Texashike1,user1060,5
Texashike1,user1157,5
Texashike1,user835,5
Texashike1,user674,5
Texashike1,user149,5
Texashike1,user794,5
Texashike1,user1219,4
Texashike1,user658,4
Texashike1,user568,5
Texashike1,user345,5
Texashike1,user1156,5
Texashike1,user764,5
Texashike1,user180,5
Texashike1,user71,5
Texashike1,user880,5
Texashike1,user362,5
Texashike1,user1344,5
Texashike1,user1384,5
Texashike1,user984,4
Texashike1,user1313,5
Texashike1,user156,5
Texashike1,user464,5
Texashike1,user587,5
Texashike1,user453,5
Texashike1,user1232,5
Texashike1,user1393,5
Texashike1,user1199,5
Texashike1,user592,5
Texashike1,user1093,5
Texashike1,user19,5
Texashike1,user232,5
Texashike1,user294,5
Texashike1,user725,5
Texashike1,user353,5
Texashike1,user1543,5
Texashike1,user400,5
Texashike1,user212,5
Texashike1,user1023,5
Texashike1,user1057,5
Texashike1,user1202,5
Texashike1,user1304,5
Texashike1,user1178,5
Texashike1,user565,5
Texashike1,user1065,5
Texashike1,user1294,5
Texashike1,user1302,5
Texashike1,user561,5
Texashike1,user310,5
Texashike1,user1391,5
Texashike1,user266,5
Texashike1,user712,5
Texashike1,user1474,4
Texashike1,user985,5
Texashike1,user1253,5
Texashike1,user613,5
Texashike1,user1367,5
Texashike1,user199,5
Texashike1,user1350,5
Texashike1,user869,5
Texashike1,user189,5
Texashike1,user21,5
Texashike1,user134,5
Texashike1,user644,5
Texashike1,user1207,5
Texashike1,user487,3
Texashike1,user941,5
Texashike1,user213,4
Texashike1,user977,5
Texashike1,user1589,5
Texashike1,user1291,5
Texashike1,user543,5
Texashike1,user992,5
Texashike1,user693,4
Texashike1,user16,5
Texashike1,user256,5
Texashike1,user24,5
Texashike1,user1009,5
Texashike1,user94,4
Texashike1,user690,4
Texashike1,user537,5
Texashike1,user415,5
Texashike1,user434,5
Texashike1,user1333,3
Texashike1,user919,4
Texashike1,user58,4
Texashike1,user773,5
Texashike1,user1394,5
Texashike1,user402,5
Texashike1,user327,5
Texashike1,user635,5
Texashike1,user745,5
Texashike1,user1240,5
Texashike1,user1034,5
Texashike1,user1174,5
Texashike1,user545,5
Texashike1,user1025,5
Texashike1,user791,5
Texashike1,user654,5
Texashike1,user1526,5
Texashike1,user275,5
Texashike1,user1024,5
Texashike1,user1257,5
Texashike1,user1482,5
Texashike1,user357,5
Texashike1,user1483,4
Texashike1,user1358,5
Texashike1,user574,5
Texashike1,user168,4
Texashike1,user522,5
Texashike1,user1361,5
Texashike1,user932,5
Texashike1,user896,5
Texashike1,user1228,5
Texashike1,user1386,5
Texashike1,user829,5
Texashike1,user1254,5
Texashike1,user902,5
Texashike1,user615,5
Texashike1,user1197,5
Texashike1,user715,3
Texashike1,user253,5
Texashike1,user467,5
Texashike1,user117,4
Texashike1,user541,4
Texashike1,user1282,5
Texashike1,user13,5
Texashike1,user32,5
Texashike1,user710,4
Texashike1,user1135,5
Texashike1,user557,4
Texashike1,user1096,5
Texashike1,user1120,5
Texashike1,user851,5
Texashike1,user1187,5
Texashike1,user1275,5
Texashike1,user716,4
Texashike1,user1451,5
Texashike1,user175,4
Texashike1,user485,5
Texashike1,user1200,5
Texashike1,user38,5
Texashike1,user340,5
Texashike1,user833,5
Texashike1,user993,5
Texashike1,user1063,5
Texashike1,user1463,5
Texashike1,user1440,5
Texashike1,user1570,5
Texashike1,user1245,5
Texashike1,user1461,5
Texashike1,user800,5
Texashike1,user352,5
Texashike1,user772,5
Texashike1,user193,5
Texashike1,user1205,5
Texashike1,user639,5
Texashike1,user1426,4
Texashike1,user913,5
Texashike1,user682,5
Texashike1,user101,5
Texashike1,user936,5
Texashike1,user55,5
Texashike1,user844,5
Texashike1,user1540,5
Texashike1,user442,4
Texashike1,user649,5
Texashike1,user926,5
Texashike1,user1514,5
Texashike1,user163,5
Texashike1,user1590,4
Texashike1,user368,5
Texashike1,user184,5
Texashike1,user460,5
Texashike1,user384,5
Texashike1,user1201,5
Texashike1,user798,5
Texashike1,user940,5
Texashike1,user1478,5
Texashike1,user435,5
Texashike1,user1150,5
Texashike1,user914,5
Texashike1,user1587,5
Texashike1,user417,5
Texashike1,user1229,5
Texashike1,user273,5
Texashike1,user72,4
Texashike1,user1154,5
Texashike1,user614,5
Texashike1,user451,5
Texashike1,user1185,5
Texashike1,user750,5
Texashike1,user1261,5
Texashike1,user942,4
Texashike1,user361,5
Texashike1,user1372,5
Texashike1,user1432,5
Texashike1,user389,4
Texashike1,user1321,5
Texashike1,user920,5
Texashike1,user488,5
Texashike1,user1260,5
Texashike1,user505,5
Texashike1,user559,4
Texashike1,user1389,5
Texashike1,user432,5
Texashike1,user1298,5
Texashike1,user240,5
Texashike1,user122,4
Texashike1,user803,3
Texashike1,user210,5
Texashike1,user930,5
Texashike1,user1014,5
Texashike1,user1198,4
Texashike1,user1368,5
Texashike1,user726,3
Texashike1,user1061,5
Texashike1,user153,4
Texashike1,user563,4
Texashike1,user1508,5
Texashike1,user847,5
Texashike1,user227,5
Texashike1,user802,5
Texashike1,user593,5
Texashike1,user14,4
Texashike1,user1029,4
Texashike1,user713,5
Texashike1,user530,4
Texashike1,user108,4
Texashike1,user26,5
Texashike1,user799,5
Texashike1,user1403,5
Texashike1,user1396,5
Texashike1,user1319,4
Texashike1,user1530,4
Texashike1,user182,5
Texashike1,user43,5
Texashike1,user1560,5
Texashike1,user257,5
Texashike1,user484,5
Texashike1,user166,5
Texashike1,user431,5
Texashike1,user1030,5
Texashike1,user320,5
Texashike1,user183,5
Texashike1,user207,5
Texashike1,user1059,1
Texashike1,user542,5
Texashike1,user973,5
Texashike1,user1077,5
Texashike1,user1513,5
Texashike1,user1038,4
Texashike1,user419,5
Texashike1,user651,5
Texashike1,user6,5
Texashike1,user529,5
Texashike1,user978,4
Texashike1,user921,5
Texashike1,user518,5
Texashike1,user753,5
Texashike1,user928,5
Texashike1,user237,4
Texashike1,user1140,5
Texashike1,user657,5
Texashike1,user1092,4
Texashike1,user1422,5
Texashike1,user1102,5
Texashike1,user1177,5
Texashike1,user235,5
Texashike1,user1323,5
Texashike1,user403,5
Texashike1,user1068,4
Texashike1,user793,5
Texashike1,user1016,5
Texashike1,user957,5
Texashike1,user1048,5
Texashike1,user304,5
Texashike1,user336,5
Texashike1,user1558,5
Texashike1,user813,5
Texashike1,user1325,5
Texashike1,user1222,5
Texashike1,user410,5
Texashike1,user758,5
Texashike1,user249,5
Texashike1,user718,5
Texashike1,user103,5
Texashike1,user1172,4
Texashike1,user1247,5
Texashike1,user96,5
Texashike1,user386,5
Texashike1,user477,5
Texashike1,user339,5
Texashike1,user953,5
Texashike1,user721,5
Texashike1,user1598,5
Texashike1,user458,5
Texashike1,user218,5
Texashike1,user86,4
Texashike1,user214,5
Texashike1,user1562,5
Texashike1,user692,5
Texashike1,user739,5
Texashike1,user152,4
Texashike1,user1454,5
Texashike1,user1073,5
Texashike1,user490,4
Texashike1,user535,5
Texashike1,user1527,5
Texashike1,user1188,5
Texashike1,user1289,5
Texashike1,user659,5
Texashike1,user172,5
Texashike1,user287,5
Texashike1,user1501,5
Texashike1,user200,5
Texashike1,user1460,5
Texashike1,user1017,5
Texashike1,user855,5
Texashike1,user1539,5
Texashike1,user874,4
Texashike1,user455,5
Texashike1,user963,5
Texashike1,user90,5
Texashike1,user573,5
Texashike1,user341,5
Texashike1,user349,5
Texashike1,user1534,4
Texashike1,user437,5
Texashike1,user401,5
Texashike1,user1223,5
Texashike1,user556,5
Texashike1,user148,5
Texashike1,user677,4
Texashike1,user1305,3
Texashike1,user15,5
Texashike1,user1469,5
Texashike1,user1467,5
Texashike1,user528,5
Texashike1,user1424,5
Texashike1,user1095,5
Texashike1,user605,5
Texashike1,user192,5
Texashike1,user1080,5
Texashike1,user1359,5
Texashike1,user243,4
Texashike1,user990,4
Texashike1,user1552,4
Texashike1,user427,4
Texashike1,user79,5
Texashike1,user1370,5
Texashike1,user1434,5
Texashike1,user843,5
Texashike1,user185,5
Texashike1,user503,4
Texashike1,user623,5
Texashike1,user1407,5
Texashike1,user312,5
Texashike1,user760,4
Texashike1,user610,4
